co2_emissions,sea_level,rainfall,population,renewable_energy_pct,extreme_weather_events,forest_area_pct
4.8,3.2,759,1358197397,31.8,9,41.1
19.0,1.4,1835,1146873886,34.0,9,36.1
6.5,3.8,740,914386174,8.6,9,26.1
9.4,1.4,882,589637290,26.1,6,34.9
14.0,3.4,1796,620506174,27.3,1,18.0
15.4,1.6,1969,227429665,14.2,0,69.9
2.4,2.1,1380,38697835,14.0,0,25.2
5.4,3.7,2452,30380783,31.8,11,22.6
11.6,2.7,1667,276284677,24.9,3,64.4
19.6,4.1,540,902591144,23.5,10,11.2
18.2,2.9,2372,1078565697,15.7,1,39.7
16.5,4.8,1343,758625247,5.3,6,14.9
7.0,2.8,2634,1283287571,15.1,0,46.3
11.9,3.5,865,912478829,28.6,14,69.2
15.4,4.6,1987,1106864831,35.9,8,25.6
6.5,3.5,990,1225881222,47.0,8,68.5
12.9,2.3,728,310976210,34.6,6,13.7
17.1,2.8,1964,1335512175,27.2,12,66.6
12.1,4.4,1223,76892270,42.1,7,33.4
8.4,1.8,2972,695971780,27.9,2,36.3
16.5,1.3,626,1211429158,21.9,13,17.2
2.4,2.2,1577,313504125,13.5,1,43.3
12.8,1.4,863,330834956,26.7,9,14.7
13.0,4.5,847,1031018863,39.3,11,14.8
16.5,1.5,986,1381708532,22.1,8,16.1
2.8,2.2,1241,441101758,33.3,9,35.5
5.0,1.5,2254,786397155,5.3,0,53.9
6.2,3.7,744,355644712,38.5,1,18.5
7.4,5.0,698,785566655,9.4,0,31.6
7.1,2.8,1207,1151159927,34.3,14,23.5
3.3,2.1,1573,1391047250,31.1,5,26.3
14.6,1.3,829,1211016796,7.6,6,27.1
4.8,3.4,1990,61481382,24.4,6,52.9
9.4,3.8,1573,9918562,28.9,7,36.8
1.1,3.8,2554,227838160,33.4,13,25.8
14.9,1.1,2003,52552633,23.5,10,35.4
13.7,4.8,2145,72556185,44.3,9,52.4
0.7,4.4,2489,413504125,19.8,0,45.2
3.8,2.3,1389,1333758926,26.8,8,37.4
12.8,2.9,2440,246829711,41.1,4,40.8
1.8,3.2,1892,1069669579,23.7,7,17.7
3.4,2.2,1403,603930696,41.2,10,37.5
11.9,4.7,2878,193419191,32.8,1,44.3
12.3,2.2,2205,56127465,10.3,9,34.9
7.0,2.8,2006,584732301,46.5,5,39.0
17.3,4.0,1441,440663289,8.8,8,63.6
9.8,3.8,1592,637933053,34.0,13,61.5
1.5,3.2,2271,428326345,49.8,6,17.0
8.2,1.2,1001,74913944,37.3,9,41.6
19.9,3.8,1951,926054419,20.2,13,34.4
9.1,1.9,1143,1223349324,41.0,13,18.9
6.3,4.3,518,431162461,19.1,3,17.6
5.3,1.5,2817,1219902888,17.3,3,44.0
4.5,3.2,643,373729923,30.7,4,25.2
3.0,3.9,2164,446630103,9.1,5,19.8
17.7,4.6,2169,481755340,17.8,5,50.3
13.1,3.6,1712,1026431056,13.7,7,27.4
8.3,2.8,1229,788798529,42.2,0,17.8
8.8,1.5,2459,802778534,48.3,1,12.1
1.4,2.7,2100,1202028857,49.4,12,47.2
9.3,1.9,2051,1380798693,45.0,14,14.2
18.3,3.2,1234,1016644563,46.8,0,24.9
18.6,4.4,1806,487618104,21.9,8,12.1
10.5,4.0,2315,975428867,12.6,1,62.9
4.8,1.1,2127,1360173043,21.8,6,25.9
12.7,1.8,1228,197145427,10.9,14,58.6
17.6,2.3,1714,552246665,28.5,11,62.5
17.7,4.0,2891,829537443,40.5,2,20.6
8.6,1.9,2236,824102127,10.2,2,11.1
16.6,2.1,2272,1069151826,18.4,8,16.6
7.0,2.4,2730,928647198,20.8,6,58.8
13.4,2.0,754,343373633,16.0,11,69.8
7.4,4.4,1859,161097813,46.8,7,49.6
14.4,4.8,2726,63232362,26.2,9,12.9
14.6,1.5,1065,956249631,7.4,14,32.5
1.9,3.5,2599,849496137,7.5,5,48.7
10.9,2.6,1910,874974281,44.3,11,59.6
16.2,1.6,2000,1307202006,47.3,1,64.3
9.5,5.0,1412,433898990,46.3,5,49.2
1.9,2.2,2132,927083911,40.6,5,30.3
19.4,4.1,2011,117312606,36.2,12,15.7
8.9,2.4,2621,333480086,41.3,6,34.2
16.4,3.6,919,20916998,39.1,0,32.3
6.3,4.1,1062,41988408,7.4,1,41.6
9.2,2.6,950,1101337256,29.6,5,61.3
5.7,4.7,1484,246218329,13.4,2,29.7
4.7,2.9,2485,374520492,27.0,0,16.0
3.0,4.2,1152,1048951853,29.7,13,25.8
16.6,4.4,2548,358801890,15.5,8,54.0
14.4,1.6,2631,1105460942,42.7,3,57.1
9.7,5.0,2257,16901724,18.7,14,50.3
18.7,4.9,2673,515313114,21.5,12,51.5
11.2,1.4,2077,131368589,21.5,0,17.9
5.2,1.8,2744,514381167,20.8,1,69.4
4.2,3.7,2021,1112155060,7.5,10,51.7
19.0,4.7,1287,458035062,31.6,13,24.4
10.2,3.2,577,316387268,10.1,1,12.0
8.0,4.0,642,40028538,22.0,13,30.3
6.0,4.5,827,83947380,17.7,1,56.6
8.4,4.1,2206,899066343,47.6,10,40.2
14.0,4.3,2042,55101132,49.1,14,40.8
7.7,3.7,566,1049605777,12.5,8,27.3
3.1,3.6,1393,1200864257,48.5,14,43.4
5.7,4.1,690,964717552,40.1,13,62.0
13.7,2.9,1857,115282073,35.1,12,57.6
6.0,2.9,2297,950422541,25.2,6,36.2
11.8,4.1,812,39478806,26.0,6,66.1
18.4,3.5,1217,1120735671,6.3,11,38.4
16.8,2.3,2035,1334032802,12.7,3,19.8
13.4,1.4,615,297280556,46.0,6,15.3
15.7,5.0,1524,655879251,35.8,9,16.8
10.8,4.4,1582,1038917176,12.6,11,54.9
16.7,4.0,2794,298662647,38.4,9,12.3
20.0,5.0,2022,284705392,41.0,14,52.7
18.7,5.0,875,938024200,23.0,0,33.5
13.8,2.9,2855,1064569796,14.7,10,22.2
14.3,2.8,2813,332640493,33.8,12,15.6
5.7,1.2,795,988849880,11.1,8,44.9
14.3,1.6,1396,331580116,8.4,8,24.5
19.9,1.3,1056,400673293,29.6,14,41.8
17.0,2.8,1429,278626073,26.9,12,36.6
16.3,3.1,1269,898807235,7.0,13,66.0
10.8,2.9,2957,416299975,13.8,14,22.8
19.9,2.3,2051,196111561,39.9,3,24.0
16.3,3.9,1305,1178735383,8.9,13,45.7
3.5,2.8,1017,761831829,35.2,9,12.0
5.2,2.6,1181,1214544133,33.1,14,54.4
2.0,3.5,883,606697131,22.5,1,21.1
11.1,2.2,2659,1072790036,37.7,8,64.7
2.8,4.5,2580,531451276,17.7,7,51.9
5.4,2.5,2833,606960201,35.7,12,54.6
4.4,1.0,2857,94830920,49.5,11,44.2
7.6,4.2,2005,441359567,21.4,0,66.3
8.0,4.7,2140,1139652750,30.3,1,15.1
9.3,3.1,1441,530911230,20.4,14,59.8
7.2,1.1,1962,811864189,5.2,8,53.3
7.1,4.1,2673,109741109,43.0,8,38.3
6.4,1.5,671,262587298,30.6,11,38.9
18.8,5.0,2885,90703756,30.0,3,53.9
3.7,4.0,2144,293218023,25.7,0,46.7
8.3,2.3,824,826741489,37.1,13,14.2
8.7,3.1,544,479208779,27.3,8,36.7
10.5,2.7,1949,578915635,29.2,1,56.2
15.1,2.2,1613,1058333501,19.9,5,60.1
18.8,2.0,2442,254618460,36.6,10,43.8
13.7,3.4,2562,1024446336,10.5,3,44.6
12.6,2.4,1189,970973825,47.5,9,52.5
18.3,4.1,1857,938604707,45.6,7,51.1
10.9,2.5,790,1108141910,46.2,2,21.0
8.7,4.6,2496,1028924329,49.8,1,23.5
0.6,3.8,678,1184550275,47.0,14,67.5
9.1,2.0,674,1338375247,25.1,3,48.3
13.3,4.4,2989,1018260723,38.5,14,64.6
9.7,1.1,1964,502277267,16.6,1,36.0
5.2,1.5,2373,714759147,43.4,14,63.2
10.3,3.4,1880,825442314,14.5,5,11.2
1.1,2.7,2800,216501490,27.2,14,12.8
12.9,1.0,1660,20339904,31.0,12,41.7
8.3,4.9,563,294913021,29.3,7,60.1
9.3,3.1,1684,539924174,11.6,13,62.7
9.8,3.4,1691,1077312172,22.6,8,69.0
0.8,4.2,1061,748997300,30.1,6,68.3
3.9,4.0,2047,564877556,15.5,11,18.4
14.9,4.0,1048,535387911,32.9,0,67.3
15.3,2.9,1221,148881368,40.6,1,50.9
5.4,2.3,2663,158680885,40.8,11,51.6
14.4,2.3,2090,1373223501,30.6,10,29.9
19.5,4.8,1424,274995524,11.7,13,39.5
14.4,4.6,990,417520615,36.1,6,58.4
13.6,1.6,1056,711474124,11.1,10,23.8
1.0,3.5,1973,373401883,47.9,7,23.5
2.9,2.8,958,1339539083,40.2,9,26.3
19.8,2.8,904,1119409767,20.2,9,53.5
3.7,1.8,2090,521491291,30.9,13,39.3
11.6,3.9,1755,586706107,41.9,10,50.5
3.6,4.8,1729,1117841407,28.5,2,34.9
15.4,2.2,1478,30190953,14.3,12,47.9
9.7,2.9,1241,1356204695,27.0,13,51.3
7.0,2.0,567,168531317,9.0,0,53.0
15.8,5.0,1138,242436875,37.6,1,52.4
3.4,1.2,1891,367347075,36.5,2,54.1
2.1,3.5,1246,791466287,12.2,9,58.8
0.9,3.3,725,558731629,46.4,7,57.4
11.1,4.5,2559,1270851030,31.7,11,23.4
19.6,2.5,1338,990503091,44.4,3,47.9
4.5,4.3,2101,567106041,41.3,8,29.2
13.7,4.4,2255,804974926,21.9,12,53.8
3.2,4.4,2065,942604659,15.8,5,45.0
0.8,3.6,2744,94344322,48.3,6,35.7
19.1,3.7,2413,178651192,44.7,14,54.4
2.5,4.7,1453,548470440,29.4,14,26.4
9.6,3.7,2914,772375173,38.1,11,60.5
14.8,2.3,1035,417690049,26.4,12,58.7
14.6,3.7,803,255339962,28.3,9,21.7
8.2,2.0,851,1001119882,49.6,7,15.7
5.8,2.9,2539,330887513,5.3,14,11.1
7.9,3.1,2568,573634321,10.5,12,12.8
14.7,4.1,1020,937363773,37.4,1,27.2
15.8,1.5,937,1088137161,31.0,1,16.8
8.9,4.7,891,1120533308,25.9,10,46.5
5.7,3.7,1792,11186886,49.8,2,19.2
14.3,4.3,1298,222866661,29.7,13,60.7
1.7,3.4,2784,393935884,8.3,12,54.8
18.2,2.4,1850,1303590308,13.5,0,29.7
10.1,1.1,1347,1318582449,24.6,14,55.8
4.2,3.9,1339,172575234,14.1,3,56.6
17.4,3.0,1602,1182222401,47.0,11,38.8
17.4,1.7,1989,1129377860,40.2,5,65.8
3.1,3.9,1219,838339418,5.4,9,45.4
18.0,1.8,1413,512192626,17.1,0,64.8
5.2,1.0,1398,385683145,29.6,2,49.7
6.2,4.3,2829,798368160,20.2,12,38.6
16.4,1.9,2960,540662250,7.2,12,69.1
19.4,3.6,2041,214534006,47.7,10,60.9
18.9,1.5,2994,1289226003,29.3,3,50.7
15.4,2.7,2066,784881916,43.0,1,52.4
11.2,1.4,969,1383289354,24.1,4,37.3
10.6,2.7,1875,521663999,8.8,12,49.6
13.2,4.6,1689,925981847,8.7,12,34.6
8.2,4.7,1687,349817800,5.8,3,50.7
19.8,4.0,2152,1074542897,12.8,0,24.1
15.2,2.7,1817,1319258942,14.5,9,21.0
17.2,1.8,1890,97623054,25.3,2,61.3
2.6,1.3,946,472080203,14.4,2,58.3
15.5,3.8,2626,56245653,45.2,14,23.8
11.3,3.8,2464,1335375745,42.6,2,11.0
4.8,4.8,926,863711591,25.3,3,43.3
17.9,3.1,743,507687964,15.5,10,38.1
15.2,1.9,2798,625984226,31.8,0,58.3
10.7,4.7,1589,235549454,29.8,12,38.4
9.8,1.9,873,1280296355,39.9,0,18.7
8.6,3.6,2060,1303319060,23.3,10,12.0
11.9,3.3,2112,275452460,12.0,2,37.7
2.2,1.8,1071,1388230143,12.0,4,50.9
14.7,4.9,1637,648823762,16.0,0,21.4
12.2,1.8,762,1106863791,46.8,0,69.1
8.0,4.9,2154,552912628,35.0,2,65.9
12.9,2.7,1598,772826167,28.0,8,15.5
6.9,2.9,1142,450513176,20.8,11,25.0
3.5,4.1,2838,1138205296,25.9,8,62.8
3.8,3.5,2313,722640614,9.6,12,33.6
19.1,1.9,2308,294211471,48.6,4,50.8
17.5,3.3,971,762718291,38.2,2,48.4
17.0,3.2,727,212780506,20.6,5,67.7
1.4,3.7,963,1344612647,28.3,5,33.0
14.8,3.2,886,202353097,17.6,12,29.0
18.1,3.0,2357,947298966,28.8,7,64.9
15.4,2.7,2386,803864353,48.2,12,54.9
7.6,4.3,670,1014270408,42.1,2,59.3
15.6,1.2,2321,663371850,10.7,11,34.1
8.2,4.2,1884,81521377,23.6,14,16.3
4.8,1.7,2003,1296305728,28.7,1,32.0
7.1,4.1,2438,444435735,8.3,11,62.5
11.8,1.9,1390,1366390185,42.1,13,23.5
3.4,3.3,1842,1076162478,43.2,5,36.7
17.6,4.1,764,702602016,17.1,5,31.1
17.3,3.0,1831,461516676,14.8,14,68.5
2.4,2.3,1476,1132944962,46.6,7,50.4
2.8,3.1,2054,61974096,14.5,6,51.7
17.0,1.9,1533,1211235150,21.8,13,41.2
12.0,1.7,2510,504454279,14.2,2,61.8
1.3,2.5,2815,69840394,31.4,12,15.6
12.3,4.6,1759,232840139,7.7,0,12.9
9.2,2.3,1910,1010451727,15.5,5,24.4
18.0,3.3,2435,240259011,16.0,4,67.6
13.7,2.7,1058,1073643084,23.3,8,60.5
17.5,3.6,2769,1046546091,9.9,8,27.4
4.1,1.9,880,1275080026,21.5,2,43.6
18.0,4.1,2394,32747976,37.3,8,35.8
1.3,4.7,1290,1379671819,48.9,8,21.2
1.3,3.4,2014,59676502,41.1,14,36.7
11.7,1.2,2839,1211830133,47.9,5,59.1
15.9,2.2,1799,1362964625,47.5,0,39.7
16.5,3.8,2736,866280953,16.1,12,23.0
0.6,2.2,2382,204172325,9.9,8,27.5
9.5,2.1,1608,1007525728,26.0,4,16.7
15.5,1.5,1495,972853753,9.0,1,64.1
12.9,1.1,1706,337303115,47.2,11,49.0
16.3,3.2,1049,521147693,20.9,1,69.5
9.4,1.9,1252,18750431,43.6,9,36.7
8.4,1.7,1473,490479768,46.2,6,51.6
13.7,4.7,1255,1366969728,33.4,12,41.2
14.7,1.5,875,1311714067,31.1,14,19.7
18.7,4.6,1027,1167788803,46.4,3,53.6
13.0,2.2,690,931316975,17.9,14,62.3
7.1,4.8,1037,1209391736,27.8,4,47.1
3.2,4.1,812,491426196,19.4,0,44.8
13.9,4.3,1681,1078493355,9.6,8,20.5
0.7,4.6,2507,1297261375,43.3,14,43.7
13.4,2.1,1513,1029993337,40.0,14,38.3
14.9,1.5,2516,1305532079,43.9,9,68.7
17.2,3.8,578,1109563889,44.3,5,63.3
0.8,4.0,628,1103288537,13.3,7,54.9
14.7,1.4,876,475005508,25.1,6,37.0
2.5,3.8,1911,1121338990,29.9,10,60.4
7.1,1.4,1935,759565231,11.4,7,29.5
16.0,3.5,1640,398067665,25.9,14,34.0
17.6,2.2,2279,329517333,13.6,3,46.2
18.8,3.8,653,818022751,33.5,4,65.6
17.9,4.1,2398,64497807,29.5,12,30.5
18.7,4.8,2141,281361562,47.8,2,30.2
19.0,3.7,2202,1080854924,7.0,2,57.0
2.1,4.8,1222,977078792,23.1,2,41.0
17.8,4.0,2037,740582553,24.7,8,22.3
8.1,2.4,1169,1314459009,31.2,1,18.0
16.6,2.9,1532,1388289771,48.9,8,40.8
12.0,3.0,1591,629396369,32.2,9,22.8
5.8,4.4,2548,916438404,11.6,8,65.7
15.8,1.3,1910,1287584579,12.4,1,51.9
6.6,3.3,2981,117179548,7.4,2,43.7
1.2,3.7,967,1267782685,30.8,0,54.1
11.0,4.8,886,1193832295,23.8,13,35.0
14.1,2.2,1418,217927603,21.3,12,41.4
17.6,2.0,2444,365927452,25.1,8,20.6
14.2,4.1,1162,1125808525,21.9,3,11.9
2.9,3.1,1250,355055964,12.0,8,24.9
10.9,3.5,725,1243293089,37.4,12,27.6
10.6,4.0,723,1345594489,5.6,11,53.3
7.3,1.9,1370,1268489003,29.8,12,22.7
6.1,4.0,1219,588745515,21.3,9,21.7
11.2,4.8,2648,320264723,16.2,0,63.9
6.3,1.2,794,1182540700,34.1,8,15.5
4.7,2.9,2654,845679328,38.5,5,16.7
2.7,2.8,1179,343865425,28.1,3,44.8
2.7,4.7,2794,782955174,34.3,11,27.9
19.3,2.6,2408,1193787532,25.6,6,14.5
14.9,2.1,1388,207497580,25.2,8,64.6
6.6,3.8,1088,554504868,16.4,13,67.7
11.7,4.4,2011,574018793,29.9,8,25.6
1.1,2.4,2469,730110223,29.0,14,60.6
11.4,4.5,2756,1339427830,25.5,9,34.5
9.3,3.6,1149,172465953,23.7,9,15.4
2.3,3.4,2458,1391480145,17.1,9,63.9
16.2,1.8,1537,57650147,23.9,5,32.4
9.4,4.2,1424,1089256242,9.0,3,41.4
0.6,2.9,2181,342901215,46.4,3,55.0
8.1,4.3,2806,1085609772,41.5,2,22.8
11.0,4.0,1319,458944956,33.2,14,27.9
19.5,1.3,2472,1018161882,35.1,2,52.9
1.2,4.4,2134,1128364538,20.2,2,40.0
16.9,1.0,2744,140376298,8.2,3,26.3
10.1,1.9,866,268168851,29.5,2,60.4
11.9,4.7,2189,864707568,24.2,2,39.3
7.7,3.0,2871,1038669571,19.4,10,33.5
16.1,1.6,1192,838168075,34.2,8,29.2
4.4,4.2,679,289985187,23.4,4,57.8
1.7,2.4,1962,517404742,34.1,12,40.7
11.3,2.7,928,716127278,11.2,6,58.3
6.5,1.1,1779,781668712,19.8,7,68.6
8.5,2.7,2937,1144952571,16.2,1,60.0
13.5,2.6,2053,444296725,12.9,1,67.6
5.7,1.4,1629,1356634360,13.8,14,31.8
1.5,4.3,1934,380527763,40.1,11,61.1
9.7,4.5,1446,513004938,24.0,5,51.4
0.6,2.3,654,673431694,10.9,14,56.3
8.0,1.3,897,46184187,15.4,0,24.8
10.8,3.1,2177,393241030,28.7,7,29.6
15.2,3.4,647,948953337,18.8,10,46.2
19.0,4.4,1990,322675191,43.3,12,11.5
8.3,5.0,1148,338334548,6.5,3,54.3
19.6,4.4,2402,1215468402,12.8,4,21.7
17.3,2.1,2854,398407112,41.0,3,19.8
12.8,1.5,2543,910306304,39.0,0,68.9
2.9,2.1,564,1045450055,48.5,7,42.0
1.2,4.3,1403,478389387,15.7,13,60.4
13.1,1.5,1489,688166625,8.9,13,27.6
16.6,2.6,1325,845772793,26.7,7,58.2
13.1,4.8,2133,947854491,48.9,9,48.4
16.9,4.9,934,1393981934,26.9,12,43.3
11.3,2.5,1672,199412389,33.6,11,55.5
4.7,4.3,2215,970758730,33.0,5,61.5
6.8,4.0,2381,351991271,8.5,4,62.1
17.1,3.9,2834,753610692,22.3,12,60.3
13.7,1.9,772,491644777,11.5,7,21.0
0.9,1.5,2659,45925925,42.6,1,17.6
18.3,2.3,2851,460686642,20.5,13,58.9
14.1,2.7,2282,1280929698,35.6,3,53.0
14.9,2.3,992,1382916110,16.5,9,46.9
11.5,3.3,980,838390349,47.7,3,50.5
9.2,2.0,1498,350813108,47.4,0,51.3
18.8,2.2,584,1218629667,27.9,8,60.5
12.7,3.3,1944,1189649940,21.3,3,26.2
15.8,3.6,2734,305046905,37.8,13,50.3
3.7,1.7,1703,542638938,10.3,0,43.7
19.6,1.2,2244,1209870465,9.6,6,24.5
13.7,4.0,2387,1363325194,20.8,6,65.3
14.6,3.9,878,26451115,42.1,4,33.3
9.9,1.3,629,1082501828,47.6,8,25.7
14.0,3.0,2976,367803209,44.3,13,51.0
1.4,3.9,643,575218436,5.8,14,43.0
16.0,2.7,1664,1278299069,47.8,1,23.3
4.5,3.7,1108,1180278134,33.8,9,47.2
17.7,2.9,688,598463676,48.6,10,50.4
8.1,3.1,2361,393359182,15.8,9,64.8
2.8,2.5,2679,1084717946,45.2,5,51.0
17.1,1.3,1658,636476204,23.0,1,46.2
1.7,3.4,2251,1203797363,30.4,10,16.8
11.3,4.2,2490,892723644,28.0,10,18.7
12.9,2.4,1891,136202316,6.8,1,50.2
4.7,4.4,1504,1377569278,24.9,0,36.9
7.1,2.3,2401,680925261,37.9,4,52.4
13.1,3.9,1081,1298244488,49.5,7,51.9
16.3,1.7,2612,46153952,11.8,1,29.0
7.4,2.8,2684,1280061358,20.0,3,32.5
17.8,1.9,2122,1117897844,17.1,3,52.3
18.5,3.4,1677,748156329,10.1,13,55.9
11.4,3.3,979,1012843726,27.6,13,60.2
5.5,2.4,2327,141991057,48.5,1,69.0
19.8,2.1,2853,629814899,7.6,12,70.0
4.0,1.6,2561,1185883781,43.5,9,57.4
7.9,4.3,719,427187850,30.5,7,49.5
17.5,1.7,1700,93560788,8.7,6,31.3
16.1,1.8,1721,977900597,21.0,6,58.4
3.4,1.8,2949,697781804,49.1,8,49.1
19.0,3.9,2416,171927360,42.9,12,19.2
1.7,2.7,551,633829632,18.5,2,10.6
6.7,2.2,2436,1018037875,44.4,13,21.1
10.8,1.2,1598,1245372198,21.2,7,62.9
10.7,3.2,1015,560097732,42.2,2,50.4
3.8,3.4,1577,1216476753,48.2,1,63.7
7.8,3.3,1959,442386268,23.7,8,58.2
11.1,2.8,921,560862422,39.7,8,67.2
9.3,1.5,2648,1330131634,19.4,10,17.2
10.8,4.1,2681,165768267,11.7,9,67.7
6.9,2.1,2393,29715260,36.9,1,53.0
9.7,2.1,2444,946279632,31.0,14,60.2
15.9,2.6,1297,456955256,23.3,4,53.3
16.6,2.0,1046,1374002297,25.4,10,61.6
10.3,4.3,1715,1020760264,35.6,3,11.5
19.8,1.8,1807,540634691,27.9,11,34.5
8.5,4.3,1315,943264951,50.0,7,41.3
5.7,3.5,2350,1134255035,44.0,14,42.5
12.0,1.5,1832,555356797,6.0,2,50.9
10.6,4.1,1730,1356785799,8.0,10,61.6
4.7,1.1,1286,1368121693,18.9,1,53.6
16.9,2.8,2520,508830032,21.0,3,59.9
11.7,4.0,880,966063065,41.7,5,40.9
2.7,2.6,642,121780956,17.6,5,59.8
11.3,1.2,1618,663913018,38.3,4,36.2
0.7,1.3,2904,1357011909,30.8,5,15.6
17.4,1.5,2681,1264503560,7.4,0,30.4
4.0,4.8,2014,748486965,15.6,9,67.1
1.0,4.9,2524,1395185778,5.8,1,51.0
9.1,3.8,904,462496639,44.2,8,69.6
11.5,3.9,1748,1238813576,31.7,4,18.7
1.1,2.5,708,212718211,34.4,0,34.9
5.5,4.0,1388,73639916,12.4,12,57.6
11.5,4.9,995,1095475598,16.3,8,51.7
5.8,3.5,1488,1182846641,7.4,3,58.3
1.8,1.8,2238,630704719,45.3,10,23.4
5.0,4.6,2670,1041486581,34.2,13,12.2
10.8,4.8,2052,1256199697,30.8,0,55.5
15.6,3.6,1496,884137537,20.6,10,36.1
12.3,3.2,2720,1331017695,41.4,14,60.5
2.0,1.5,2141,1159052094,17.9,13,69.2
1.9,3.6,2776,936138519,45.8,7,21.9
0.8,4.5,2818,955410877,33.3,8,36.2
15.0,3.7,921,342865321,24.3,14,47.0
9.3,1.6,1079,91233652,47.1,14,57.5
12.1,3.5,2098,1143896678,43.6,5,57.5
1.8,3.6,773,174232548,39.6,0,26.3
7.4,1.4,2483,454764789,29.2,10,12.2
8.5,2.9,1604,1168018187,28.7,3,33.9
18.2,3.3,1673,790364317,19.6,6,34.6
14.5,1.8,1589,1082347326,35.0,6,50.6
7.4,3.0,1951,247496090,40.5,11,26.5
4.4,2.1,2369,169324386,48.5,12,13.6
5.5,3.3,1936,275361525,12.4,5,56.3
18.9,4.7,1015,806325524,49.4,3,66.2
3.0,4.8,978,883572947,33.3,9,14.9
11.2,2.5,1533,567420977,21.5,6,23.8
19.1,1.1,1483,220754183,38.8,12,47.7
6.7,3.2,2378,1119422832,26.2,11,50.7
14.7,2.3,998,442921564,28.8,13,41.3
2.3,3.4,1978,46316734,37.3,12,60.7
15.8,3.9,1184,22094509,31.4,4,54.3
16.4,2.1,671,501887577,21.6,12,20.2
18.9,2.0,844,722568466,7.3,2,32.6
8.4,3.7,1769,1166786685,30.1,9,64.2
16.8,1.0,674,183851069,27.6,3,46.2
11.1,3.1,2405,574525178,41.5,1,54.1
14.1,4.1,1194,627755536,43.7,0,69.5
2.4,1.7,2592,814653356,22.4,5,67.3
16.6,1.5,1966,980305187,8.2,4,43.4
7.9,1.4,783,1190249588,6.6,5,32.0
19.1,2.8,1961,272039781,9.2,1,25.1
1.5,2.3,572,217257105,42.6,8,66.0
8.9,1.9,2653,483741561,23.3,13,46.5
12.1,1.1,2195,353488527,42.4,13,63.2
12.8,1.2,2134,536356608,47.5,3,55.4
2.8,4.1,1539,949007159,31.4,13,61.0
8.4,3.3,914,1082464871,42.2,14,35.9
1.1,4.7,2005,597841637,31.6,2,17.7
3.6,4.3,991,5467801,25.7,7,29.9
11.2,1.7,2353,420231924,21.0,10,29.5
9.6,3.3,822,296295792,9.8,12,64.9
5.3,3.3,1880,552503699,22.3,6,14.7
14.8,2.2,1812,1095137353,45.8,0,43.4
3.2,3.2,773,1263782460,40.9,0,50.2
9.6,2.9,2010,841932971,18.9,11,51.6
12.7,2.6,1116,814540393,38.7,9,41.2
19.1,4.8,2874,122071965,48.6,2,55.2
19.9,4.2,907,1004488364,38.3,9,28.8
19.0,3.3,1821,43209016,29.3,11,26.5
16.4,3.5,2298,608237759,35.5,0,55.7
4.0,2.4,716,779600765,44.1,9,34.3
18.2,1.9,770,1102449044,32.7,10,63.0
8.3,4.0,2225,666108195,40.6,14,67.5
12.8,3.3,1801,717984590,6.1,1,36.0
8.5,2.2,2222,562074315,5.2,0,18.0
7.2,4.7,2718,827751807,8.9,6,31.7
4.5,3.8,971,1380296219,7.5,5,28.2
17.3,3.2,1870,1377931241,13.4,13,44.2
13.9,3.6,678,1175564118,33.7,13,32.9
2.5,1.3,1126,471324215,39.0,0,53.6
17.0,4.2,928,1140524807,25.7,5,60.8
8.4,3.2,941,152248022,45.2,14,43.4
11.9,4.6,1605,10978954,18.3,5,31.0
16.3,2.4,2857,1323666625,14.0,5,30.7
10.9,3.2,2064,1293640510,42.1,2,25.0
15.1,2.9,1034,628479992,40.7,7,11.2
3.1,1.1,1862,1308776395,32.6,4,59.8
5.4,4.7,2933,1151040277,24.1,13,20.3
17.9,3.7,2284,1310548957,25.6,14,50.6
5.5,2.7,938,1377728769,44.3,13,63.0
17.4,2.4,2371,1269827972,16.6,0,18.0
18.1,4.4,2930,542661199,32.7,12,64.1
15.9,4.3,932,925086342,42.0,2,57.4
8.2,4.7,1919,1297393635,33.2,14,54.9
8.6,3.6,1116,599934182,39.1,8,66.0
9.5,1.8,2369,165930526,29.1,9,59.5
5.5,1.8,1455,60556258,36.8,7,67.7
17.5,4.6,1398,936223565,15.7,11,63.1
14.3,2.0,890,378091478,5.3,3,35.7
4.7,2.2,800,553908390,36.9,4,12.4
11.2,1.4,1841,63908951,40.7,10,21.9
10.5,4.2,1569,560722005,41.1,5,35.4
17.8,3.4,518,161376204,38.0,8,30.2
16.9,3.6,1945,366223269,6.5,4,26.2
18.2,1.1,1925,389949929,23.1,14,69.4
6.6,4.6,2716,1039025430,25.4,11,16.5
9.9,3.5,1203,471260143,46.4,0,57.2
16.2,2.1,2203,590386085,41.2,2,53.8
10.1,4.7,1119,299488478,18.1,9,69.8
15.6,4.5,2562,252075147,16.8,11,11.7
3.4,1.2,1394,717982156,26.8,0,36.8
15.8,1.5,1663,703726244,8.4,2,20.8
9.9,1.0,624,200614447,39.0,14,18.1
4.5,3.2,1166,509030277,16.2,2,56.9
19.8,4.6,2251,749585197,9.0,10,39.9
1.6,2.2,1361,367224757,37.5,2,11.6
14.7,3.4,2216,809753207,34.5,6,16.4
12.5,1.4,2758,802398351,36.4,12,55.8
4.2,3.0,2976,1017684486,40.2,1,52.5
4.7,4.2,1130,31249071,49.5,5,66.7
18.8,2.0,2681,297043004,47.0,6,48.7
2.3,1.4,2976,877150174,25.7,0,58.3
0.7,2.4,1492,83325440,12.7,7,38.8
17.5,2.9,690,357936501,40.9,13,48.3
11.6,4.2,610,413929509,26.8,13,60.3
16.7,3.9,2655,428691595,17.8,14,39.8
9.0,4.5,2367,1151520192,6.2,7,57.6
5.1,4.3,2235,421082224,10.7,12,27.9
8.0,1.5,1677,791167156,43.6,9,68.9
10.5,4.3,891,1297221349,22.8,7,49.8
1.4,1.4,1418,1199856255,10.3,5,33.9
6.2,3.0,1878,162233683,19.3,14,13.3
2.0,4.2,1462,13350251,41.2,8,42.6
8.9,3.6,1864,1090719866,35.9,13,30.4
16.7,2.4,805,708549477,44.0,6,34.7
18.7,3.2,2579,803907356,18.6,7,25.7
10.6,2.8,2358,322950922,33.0,12,26.3
12.8,4.3,2761,455823356,50.0,3,19.4
6.9,3.1,2067,615628540,45.8,13,18.2
11.5,1.2,2834,125314911,11.9,10,58.9
18.3,4.5,2435,536217615,25.7,8,10.3
4.8,2.8,2484,1362033433,15.5,14,16.8
1.2,3.1,527,496479467,16.5,14,52.7
15.0,4.6,1313,1104495874,15.7,0,28.3
13.5,3.9,2999,108305812,20.0,8,41.8
12.6,3.5,2995,1274619263,28.2,14,66.1
17.0,2.0,1949,1268064913,10.7,14,12.2
12.2,4.5,1498,755505933,36.9,0,30.8
18.4,4.5,645,104256346,10.2,11,18.5
8.3,1.7,2519,1235851188,36.4,6,13.3
5.3,2.9,2660,704269727,33.0,8,30.5
18.5,4.9,942,1252394217,17.9,12,60.2
12.2,1.1,2661,743306453,10.1,7,40.0
18.2,2.7,1231,1063134918,43.0,8,37.6
4.6,2.4,2894,237078466,7.8,5,53.1
4.5,4.8,1530,575572757,28.6,0,62.0
5.0,3.7,2132,104922177,29.3,3,46.9
7.2,2.2,2653,704210527,19.3,13,64.2
17.3,4.6,1903,961408872,12.2,3,13.8
8.8,3.4,1037,235905387,15.4,11,50.1
10.5,3.7,941,124297006,12.1,6,45.2
5.4,4.1,2620,1267230374,24.9,5,44.9
7.0,4.5,1219,440187461,18.9,11,52.5
14.5,4.8,2672,555420966,49.9,5,60.3
11.3,3.0,1085,674280911,19.4,14,30.1
4.0,3.3,2222,1307076526,15.8,14,33.9
18.9,4.6,877,545401489,17.8,0,22.5
3.9,4.5,1858,79510809,16.1,3,48.6
8.5,2.0,1416,1114422920,31.8,0,46.9
1.4,2.8,1229,1225949571,31.4,14,54.1
14.8,3.2,2530,824431639,41.7,9,52.3
8.6,1.8,582,866432043,8.8,3,13.2
12.0,4.1,1709,1156608764,45.4,12,40.4
12.6,4.8,1707,877308425,6.7,9,21.0
1.8,4.7,2157,1034642225,11.5,5,31.8
14.0,4.5,1115,1060152685,17.3,1,15.6
8.2,4.4,882,24043592,7.2,9,39.6
8.3,1.1,2865,945299929,16.9,3,47.6
5.0,3.4,1712,847894451,34.8,12,41.6
3.9,1.0,1234,278429462,38.6,12,44.0
13.0,1.2,1412,318523214,13.0,9,29.8
12.0,2.5,622,1152039496,17.9,13,17.7
4.0,4.8,560,1051785465,32.3,5,26.9
1.4,2.5,2158,411773643,29.4,10,61.6
3.2,4.8,871,226805324,42.4,6,12.7
4.5,4.9,2718,1102285590,9.8,12,53.2
3.3,1.0,2370,563852853,11.5,13,63.6
4.8,4.1,2373,1180680940,32.0,4,56.1
0.7,1.9,1954,1096617947,21.7,13,32.7
15.7,1.8,2355,744131853,49.2,6,37.2
18.6,1.2,2007,757020571,35.3,5,39.0
9.0,2.6,2849,617022634,30.3,8,10.3
3.0,3.0,839,1035525610,49.1,7,66.5
9.6,2.5,720,248996061,14.4,12,30.5
4.2,4.2,2263,757754968,29.0,10,28.6
16.6,2.3,2022,189064050,34.3,0,44.8
10.9,1.4,1567,537312924,8.5,10,21.8
14.2,2.2,2821,788823352,15.8,4,11.2
1.1,3.3,1516,1253813851,9.5,3,44.4
5.6,2.4,1743,124079175,12.5,4,17.4
8.9,1.8,1047,110285989,8.5,4,51.1
13.8,2.3,2644,1148375055,7.9,11,28.6
1.2,3.6,2677,1206594322,30.3,12,58.9
17.9,1.6,839,619079995,39.3,5,57.1
17.1,1.1,2227,738275078,27.3,9,67.1
8.6,4.8,1466,999167792,6.7,7,66.7
3.0,2.4,2456,420542436,45.6,2,24.3
10.9,4.1,692,778188462,37.2,10,54.7
3.7,2.5,2067,739358801,9.5,7,64.7
13.7,4.2,2579,339256508,44.1,11,16.9
15.7,1.2,678,927578734,5.4,3,22.6
10.7,4.6,1547,298632383,45.0,3,46.5
18.8,3.4,2157,1169884055,23.0,7,10.8
16.7,5.0,1796,1353028485,28.7,3,50.8
9.2,3.7,2881,1075399963,43.9,14,30.9
10.7,4.8,2852,214294469,32.2,9,27.9
12.7,3.8,2626,1011298802,23.5,10,69.4
3.9,2.9,1617,955697187,23.5,10,27.7
18.5,1.1,528,935911975,28.3,2,56.3
3.5,3.9,2493,1167300328,23.5,9,61.2
13.3,1.8,617,1019475941,24.4,6,16.3
15.0,4.4,676,321328118,21.8,4,19.8
10.4,3.0,1731,652730854,37.1,5,47.3
9.0,4.7,2015,12631400,44.7,2,17.5
19.2,2.1,684,872248030,21.7,6,39.0
8.3,4.9,1764,147628865,6.0,3,13.3
0.6,3.5,2780,866033515,14.2,11,44.6
5.9,4.8,1852,1332348555,9.8,8,10.9
7.4,4.1,1365,106846880,31.7,9,28.0
11.9,3.2,2261,556011992,42.9,8,33.1
5.0,3.1,2407,536210430,24.8,2,12.2
11.2,1.6,731,1196150514,22.2,4,34.7
10.8,1.5,1404,867702697,48.5,0,15.7
0.6,3.0,1005,941922654,41.6,3,40.3
6.9,4.0,2157,597867288,21.4,9,38.9
8.8,4.0,2606,542400855,19.4,14,49.6
13.1,2.5,2235,690744654,22.5,10,27.5
7.8,4.1,2666,1139899651,27.6,14,20.3
11.4,2.1,2625,1165547123,47.8,10,10.9
12.1,2.0,2915,3660891,17.0,5,62.1
16.2,3.0,2640,655042381,44.7,11,17.5
12.3,2.6,2764,205087750,14.5,4,40.8
15.7,1.1,629,1328981569,27.6,14,16.3
17.6,1.7,2906,1179622755,42.9,3,50.7
2.0,4.3,2271,885787660,23.3,12,62.0
18.3,4.1,1246,78354231,14.5,9,56.7
14.9,3.7,1990,381441078,37.6,7,41.7
3.6,4.7,2407,809907325,41.1,4,34.4
10.9,3.7,2963,880619657,27.5,0,35.7
11.4,1.9,1802,792341941,23.9,5,64.6
3.5,1.6,2881,1041970958,43.5,4,24.0
4.1,4.3,2259,833635961,16.3,13,38.5
5.1,4.5,2273,1097734281,5.9,13,43.6
13.5,3.5,772,400506741,36.2,0,65.7
2.5,1.0,1312,1197982965,44.4,7,26.0
13.6,2.0,1107,61229895,39.2,6,24.4
5.7,1.5,1633,538949949,49.9,8,17.4
12.8,3.8,1319,52187343,30.0,6,10.6
19.4,3.7,2479,770503180,37.5,13,16.3
18.0,2.8,1110,237659268,46.2,12,63.3
18.2,1.2,1579,9355425,27.1,8,61.0
11.4,4.2,2868,600974146,46.7,6,59.2
11.1,1.2,2010,807462613,9.4,8,50.2
11.8,4.7,2281,817572573,43.3,4,61.3
10.0,2.2,1273,876123161,14.9,14,30.1
19.8,2.8,2560,1064093028,23.3,13,62.2
18.8,4.8,2812,445421988,11.8,4,34.4
10.1,3.8,1641,681529141,6.6,7,27.7
8.6,1.1,534,1027559585,8.3,4,35.1
8.0,4.0,2925,1326300382,8.9,3,26.6
11.2,1.1,2524,1144515609,26.0,14,69.0
3.9,2.3,2766,734430197,16.3,4,17.8
11.7,5.0,1962,66141905,20.2,1,58.4
16.5,1.5,1073,1221935909,43.5,10,16.1
1.3,2.2,1715,907925675,39.3,11,49.2
19.6,3.0,600,142785204,36.2,4,53.3
2.8,2.1,1742,313545957,17.2,3,11.1
6.3,3.2,2807,1364174738,46.7,2,55.6
10.8,2.0,1969,449460600,20.2,13,27.5
12.1,3.4,844,727544812,12.0,10,20.8
4.8,4.2,2407,107364344,49.2,8,31.0
3.3,1.4,737,423388217,43.8,10,46.5
16.7,1.9,1382,1160732321,43.3,10,52.7
18.0,2.6,2771,976037143,12.4,9,55.5
6.1,3.1,2039,72414944,30.5,12,21.3
10.0,1.5,2669,776918225,41.8,3,24.3
17.4,3.0,865,531510898,23.8,5,19.8
4.9,4.5,1347,1221021496,47.4,8,28.8
14.3,1.7,2762,313096322,17.5,6,17.1
10.2,3.5,771,617520058,12.9,11,48.9
9.6,4.1,698,60938189,10.4,7,18.8
16.5,1.5,1401,538799164,7.5,6,38.8
17.7,2.5,1419,1140062010,20.1,0,35.9
13.8,4.5,1826,614382775,12.6,12,20.3
1.5,4.2,1359,709386257,18.6,13,12.9
19.9,1.3,2210,968059240,34.9,11,28.6
14.3,2.5,1955,898654624,29.3,2,20.2
17.6,4.0,1098,414805054,38.3,14,59.6
15.8,1.3,633,32581057,27.8,12,50.6
1.8,2.2,766,798905927,27.4,10,14.6
1.4,1.9,2783,578387192,10.1,13,16.6
15.8,1.3,1388,1280706662,19.8,13,48.9
15.8,2.6,1007,144123536,47.2,6,37.8
11.5,3.5,2538,1386998486,21.0,11,12.3
17.8,2.7,1621,1361023908,41.2,5,63.0
18.5,3.0,667,894808615,45.4,9,10.1
9.5,4.9,1141,916703921,9.4,10,44.0
11.5,2.8,2206,1041665235,24.4,1,27.9
18.3,1.7,1485,604216448,41.8,1,44.3
11.7,2.2,643,329758237,11.4,7,65.8
18.1,3.0,2180,361616455,47.2,14,30.5
6.2,4.9,1472,935533058,21.3,0,23.7
12.3,1.1,1324,1011963413,31.4,3,24.4
6.4,4.0,1950,563892519,47.1,11,39.4
8.1,4.1,1110,698150132,47.1,4,58.7
12.5,2.6,2997,306103394,15.5,9,51.3
13.6,3.2,2550,829586067,27.7,12,38.7
7.6,2.0,2910,62104574,23.5,7,56.6
11.8,2.9,2077,1280891832,35.8,0,33.0
10.3,1.8,1045,347844379,13.6,9,11.7
15.3,4.4,1481,399126588,41.3,11,37.4
17.6,2.7,1093,1378540228,30.3,14,47.5
8.1,1.9,1819,395181795,22.3,2,45.3
12.3,3.8,2832,856099723,37.6,3,25.0
19.7,1.8,2905,1254853974,37.3,10,28.1
14.6,2.1,2105,206788510,42.2,9,45.2
9.9,3.8,2083,1358606331,21.1,9,56.9
0.5,1.0,656,239135473,20.6,5,51.3
15.4,2.3,826,210449747,5.4,4,23.8
3.1,3.7,1678,934132667,43.1,0,69.9
16.8,2.7,1099,250843348,8.2,5,33.4
2.3,1.8,943,1179906692,35.2,12,58.5
16.6,3.4,2331,113072938,27.5,2,58.0
4.9,4.1,2911,281959311,45.8,1,68.3
18.4,3.4,1087,1250306574,22.0,10,65.6
10.6,1.4,691,776502158,12.2,13,67.4
2.6,2.2,1853,1025547493,39.4,2,18.9
2.5,4.4,652,165154106,33.9,9,35.3
1.9,1.6,1073,1385374585,39.4,8,28.3
13.7,2.1,2540,140110299,11.8,3,43.9
7.2,2.8,2817,461954875,8.7,0,12.1
9.8,3.9,1658,1199331484,47.6,0,40.0
6.5,1.2,1066,211473371,36.8,8,17.5
10.8,4.9,793,1142896221,17.1,7,56.7
6.3,2.3,2560,904452825,8.2,1,69.5
12.2,1.7,1624,639588420,35.8,1,28.5
1.1,2.0,2660,484197278,39.5,12,34.3
11.1,1.5,591,760436315,16.4,9,63.9
8.1,3.5,2369,204257967,33.0,10,56.5
6.4,4.3,2026,474288233,13.9,2,44.9
16.4,3.9,2618,796318481,13.7,0,63.3
13.5,3.8,2138,690916097,42.9,2,26.2
1.0,3.8,2112,42474142,23.5,1,29.3
2.2,3.9,1856,573710142,23.8,11,50.5
16.8,4.4,2636,990213564,8.0,1,40.4
11.2,4.1,756,325979799,35.3,8,12.4
18.1,4.0,1545,333230308,49.5,10,64.8
10.9,4.9,545,1311466901,33.7,3,49.3
12.4,4.3,1450,1397016073,39.7,12,66.5
9.7,1.8,2019,305543477,35.1,13,41.0
14.5,3.1,920,947263298,37.0,14,20.1
6.4,1.3,1349,248771060,19.5,3,63.3
12.4,1.1,1058,1142110790,19.9,14,65.9
17.2,3.7,1122,306798170,9.3,8,47.8
13.6,1.2,1007,200316893,14.9,7,67.3
